"Date","Price","Open","High","Low","Vol.","Change %"
"Dec 29, 2019","67.50","67.50","67.50","67.25","0.27K","1.43%"
"Dec 22, 2019","66.55","66.55","66.55","66.55","0.00K","0.30%"
"Dec 15, 2019","66.35","66.45","66.55","66.40","0.02K","0.08%"
"Dec 08, 2019","66.30","66.25","66.30","66.00","0.06K","-0.15%"
"Dec 01, 2019","66.40","67.75","67.75","67.00","0.13K","-2.14%"
"Nov 24, 2019","67.85","67.85","67.85","67.85","0.16K","-0.07%"
"Nov 17, 2019","67.90","67.90","67.90","67.90","0.12K","1.12%"
"Nov 10, 2019","67.15","66.80","66.80","66.80","0.13K","0.52%"
"Nov 03, 2019","66.80","66.50","66.50","66.25","0.06K","-0.67%"
"Oct 27, 2019","67.25","67.00","67.10","66.60","0.14K","-0.59%"
"Oct 20, 2019","67.65","67.65","67.65","67.65","0.20K","0.22%"
"Oct 13, 2019","67.50","67.50","67.50","67.50","0.09K","1.66%"
"Oct 06, 2019","66.40","66.25","67.50","66.25","0.17K","1.84%"
"Sep 29, 2019","65.20","68.15","68.30","65.25","0.48K","-0.53%"
"Sep 22, 2019","65.55","65.55","65.55","65.55","0.07K","0.15%"
"Sep 15, 2019","65.45","66.00","66.25","66.00","0.03K","-0.38%"
"Sep 08, 2019","65.70","65.50","66.40","65.40","0.22K","-0.83%"
"Sep 01, 2019","66.25","65.25","66.75","65.25","0.36K","0.76%"
"Aug 25, 2019","65.75","65.75","65.75","65.75","0.10K","0.00%"
"Aug 18, 2019","65.75","65.75","65.75","65.75","0.11K","-0.83%"
"Aug 11, 2019","66.30","66.30","66.30","66.30","0.13K","-2.28%"
"Aug 04, 2019","67.85","68.10","68.35","67.50","0.06K","-1.88%"
"Jul 28, 2019","69.15","72.25","72.25","68.90","0.29K","-6.87%"
"Jul 21, 2019","74.25","74.85","74.85","74.00","0.09K","0.20%"
"Jul 14, 2019","74.10","74.10","74.10","74.10","0.17K","-0.67%"
"Jul 07, 2019","74.60","75.20","75.20","75.00","0.28K","-2.10%"
"Jun 30, 2019","76.20","76.20","76.20","76.20","0.31K","7.48%"
"Jun 23, 2019","70.90","70.90","70.90","70.90","0.10K","-0.56%"
"Jun 16, 2019","71.30","71.30","71.30","71.30","0.09K","-0.14%"
"Jun 09, 2019","71.40","72.80","72.80","71.90","0.11K","-1.92%"
"Jun 02, 2019","72.80","75.30","75.30","72.50","0.23K","-12.71%"
"May 26, 2019","83.40","83.40","83.40","83.40","0.04K","-0.30%"
"May 19, 2019","83.65","83.65","83.65","83.65","0.00K","-0.54%"
"May 12, 2019","84.10","85.50","85.60","84.65","0.01K","-2.38%"
"May 05, 2019","86.15","86.75","87.00","86.10","0.04K","-1.66%"
"Apr 28, 2019","87.60","86.75","87.30","86.50","0.13K","2.82%"
"Apr 21, 2019","85.20","85.20","85.20","85.20","0.01K","0.89%"
"Apr 14, 2019","84.45","84.45","84.45","84.45","0.01K","0.30%"
"Apr 07, 2019","84.20","81.50","82.00","81.50","0.12K","6.79%"
"Mar 31, 2019","78.85","78.85","78.85","78.85","0.49K","-14.99%"
"Mar 24, 2019","92.75","92.75","92.75","92.75","0.12K","-0.59%"
"Mar 17, 2019","93.30","93.30","93.30","93.30","0.01K","-0.59%"
"Mar 10, 2019","93.85","93.85","93.85","93.85","0.07K","-1.78%"
"Mar 03, 2019","95.55","97.60","98.00","95.60","0.44K","-1.49%"
"Feb 24, 2019","97.00","93.50","93.50","93.50","0.46K","2.05%"
"Feb 17, 2019","95.05","95.05","95.05","95.05","0.05K","0.21%"
"Feb 10, 2019","94.85","95.50","95.50","95.50","0.02K","-2.42%"
"Feb 03, 2019","97.20","98.00","98.60","97.70","0.37K","-1.17%"
"Jan 27, 2019","98.35","99.00","99.10","98.50","0.33K","-0.41%"
"Jan 20, 2019","98.75","98.75","98.75","98.75","0.01K","-1.00%"
"Jan 13, 2019","99.75","99.75","99.75","99.75","0.21K","1.73%"
"Jan 06, 2019","98.05","98.05","98.05","98.05","0.36K","-1.46%"
"Dec 30, 2018","99.50","99.50","99.50","99.50","0.25K","-2.36%"
"Dec 23, 2018","101.90","101.90","101.90","101.90","0.01K","0.20%"
"Dec 16, 2018","101.70","102.00","102.00","101.60","0.01K","-0.59%"
"Dec 09, 2018","102.30","102.20","102.20","102.20","0.08K","-0.24%"
"Dec 02, 2018","102.55","102.55","102.55","102.55","0.03K","0.84%"
"Nov 25, 2018","101.70","101.70","101.70","101.70","0.00K","-0.05%"
"Nov 18, 2018","101.75","101.75","101.75","101.75","0.01K","-0.73%"
"Nov 11, 2018","102.50","102.50","102.50","102.50","0.03K","-3.21%"
"Nov 04, 2018","105.90","105.25","105.75","105.25","0.10K","2.42%"
"Oct 28, 2018","103.40","104.00","104.00","103.50","0.45K","-5.70%"
"Oct 21, 2018","109.65","109.65","109.65","109.65","0.01K","-0.32%"
"Oct 14, 2018","110.00","110.00","110.00","110.00","0.02K","0.73%"
"Oct 07, 2018","109.20","109.20","109.20","109.20","0.10K","-3.92%"
"Sep 30, 2018","113.65","114.00","114.00","114.00","0.20K","-0.18%"
"Sep 23, 2018","113.85","113.85","113.85","113.85","0.01K","0.35%"
"Sep 16, 2018","113.45","113.45","113.45","113.45","0.04K","-1.69%"
"Sep 09, 2018","115.40","115.00","115.25","115.00","0.09K","0.74%"
"Sep 02, 2018","114.55","114.90","115.00","114.75","0.21K","-2.92%"
"Aug 26, 2018","118.00","118.00","118.00","118.00","0.02K","0.08%"
"Aug 19, 2018","117.90","117.90","117.90","117.90","0.01K","-0.08%"
"Aug 12, 2018","118.00","118.40","118.40","118.40","0.08K","1.16%"
"Aug 05, 2018","116.65","116.50","116.50","116.00","0.22K","-0.68%"
"Jul 29, 2018","117.45","115.20","118.10","115.20","0.24K","-2.04%"
"Jul 22, 2018","119.90","119.90","119.90","119.90","0.02K","1.87%"
"Jul 15, 2018","117.70","117.70","117.70","117.70","0.07K","0.00%"
"Jul 08, 2018","117.70","117.70","117.70","117.70","0.12K","1.38%"
"Jul 01, 2018","116.10","115.70","116.20","115.70","0.47K","1.49%"
"Jun 24, 2018","114.40","114.40","114.40","114.40","0.00K","0.31%"
"Jun 17, 2018","114.05","114.05","114.05","114.05","0.01K","-0.83%"
"Jun 10, 2018","115.00","116.00","116.00","116.00","0.16K","1.01%"
"Jun 03, 2018","113.85","112.85","114.00","112.50","0.19K","2.52%"
"May 27, 2018","111.05","106.75","112.50","106.65","0.14K","5.31%"
"May 20, 2018","105.45","105.45","105.45","105.45","0.07K","1.05%"
"May 13, 2018","104.35","104.35","104.35","104.35","0.01K","2.56%"
"May 06, 2018","101.75","101.75","101.75","101.75","0.12K","1.19%"
"Apr 29, 2018","100.55","101.45","101.45","101.30","0.33K","7.37%"
"Apr 22, 2018","93.65","93.30","93.30","93.30","0.03K","0.21%"
"Apr 15, 2018","93.45","92.70","92.70","92.70","0.28K","0.05%"
"Apr 08, 2018","93.40","93.40","93.40","93.40","0.37K","-0.53%"
"Apr 01, 2018","93.90","93.40","93.40","93.25","0.56K","-2.59%"
"Mar 25, 2018","96.40","96.40","96.40","96.40","0.04K","-0.36%"
"Mar 18, 2018","96.75","96.90","96.90","96.90","0.07K","-0.41%"
"Mar 11, 2018","97.15","99.00","99.00","97.00","0.16K","-2.26%"
"Mar 04, 2018","99.40","101.00","101.00","100.00","0.09K","-3.40%"
"Feb 25, 2018","102.90","107.15","107.15","103.00","0.14K","-2.09%"
"Feb 18, 2018","105.10","105.10","105.10","105.10","0.02K","0.38%"
"Feb 11, 2018","104.70","104.70","104.70","104.70","0.13K","3.51%"
"Feb 04, 2018","101.15","104.40","104.40","104.40","0.21K","-3.44%"
"Jan 28, 2018","104.75","109.00","109.65","107.75","0.17K","-1.64%"
"Jan 21, 2018","106.50","106.50","106.50","106.50","0.06K","-0.23%"
"Jan 14, 2018","106.75","107.00","107.05","106.55","0.14K","0.85%"
"Jan 07, 2018","105.85","105.90","107.00","105.90","0.16K","0.52%"
"Dec 31, 2017","105.30","105.00","105.50","105.00","0.22K","4.46%"
"Dec 24, 2017","100.80","100.80","100.80","100.80","0.01K","0.60%"
"Dec 17, 2017","100.20","100.20","100.20","100.20","0.06K","0.20%"
"Dec 10, 2017","100.00","100.00","100.00","100.00","0.03K","2.51%"
"Dec 03, 2017","97.55","97.70","97.70","97.70","0.01K","0.62%"
"Nov 26, 2017","96.95","96.00","97.00","96.00","0.07K","0.41%"
"Nov 19, 2017","96.55","96.55","96.55","96.55","0.12K","0.00%"
"Nov 12, 2017","96.55","96.55","96.55","96.55","0.01K","-1.13%"
"Nov 05, 2017","97.65","97.65","97.65","97.65","0.01K","-1.36%"
"Oct 29, 2017","99.00","98.75","99.50","98.75","0.19K","1.59%"
"Oct 22, 2017","97.45","96.50","96.50","96.50","0.00K","0.31%"
"Oct 15, 2017","97.15","97.15","97.15","97.15","0.02K","1.46%"
"Oct 08, 2017","95.75","95.75","95.75","95.75","0.11K","-1.64%"
"Oct 01, 2017","97.35","97.00","98.40","97.00","0.25K","0.10%"
"Sep 24, 2017","97.25","97.25","97.25","97.25","0.16K","0.05%"
"Sep 17, 2017","97.20","97.20","97.20","97.20","0.07K","-2.02%"
"Sep 10, 2017","99.20","101.00","101.00","101.00","0.06K","0.76%"
"Sep 03, 2017","98.45","96.50","98.00","96.50","0.09K","2.77%"
"Aug 27, 2017","95.80","95.80","95.80","95.80","0.17K","-2.84%"
"Aug 20, 2017","98.60","98.60","98.60","98.60","0.03K","0.31%"
"Aug 13, 2017","98.30","98.30","98.30","98.30","0.01K","2.61%"
"Aug 06, 2017","95.80","95.80","95.80","95.80","0.03K","0.47%"
"Jul 30, 2017","95.35","91.75","94.00","91.75","0.16K","9.35%"
"Jul 23, 2017","87.20","87.20","87.20","87.20","0.01K","0.87%"
"Jul 16, 2017","86.45","86.45","86.45","86.45","0.19K","2.98%"
"Jul 09, 2017","83.95","83.95","83.95","83.95","0.35K","1.70%"
"Jul 02, 2017","82.55","82.55","82.55","82.55","0.43K","1.91%"
"Jun 25, 2017","81.00","81.00","81.00","81.00","0.10K","0.43%"
"Jun 18, 2017","80.65","80.65","80.65","80.65","0.10K","-0.25%"
"Jun 11, 2017","80.85","80.85","80.85","80.85","0.04K","1.76%"
"Jun 04, 2017","79.45","78.00","78.00","78.00","0.21K","4.54%"
"May 28, 2017","76.00","74.00","74.00","74.00","0.13K","2.08%"
"May 21, 2017","74.45","74.65","74.65","74.65","0.06K","0.27%"
"May 14, 2017","74.25","74.25","74.25","74.25","0.14K","0.88%"
"May 07, 2017","73.60","73.60","73.60","73.60","0.09K","-5.64%"
"Apr 30, 2017","78.00","78.00","78.00","78.00","0.37K","-6.64%"
"Apr 23, 2017","83.55","83.55","83.55","83.55","0.04K","-0.77%"
"Apr 16, 2017","84.20","84.20","84.20","84.20","0.06K","0.06%"
"Apr 09, 2017","84.15","84.15","84.15","84.15","0.36K","-4.59%"
"Apr 02, 2017","88.20","90.40","90.40","90.40","1.07K","9.23%"
"Mar 26, 2017","80.75","80.75","80.75","80.75","0.17K","-0.25%"
"Mar 19, 2017","80.95","80.95","80.95","80.95","0.03K","-0.43%"
"Mar 12, 2017","81.30","81.75","81.75","81.25","0.20K","3.24%"
"Mar 05, 2017","78.75","80.35","80.35","80.35","0.60K","-2.72%"
"Feb 26, 2017","80.95","83.50","83.50","82.25","0.41K","1.19%"
"Feb 19, 2017","80.00","80.00","80.00","80.00","0.03K","0.13%"
"Feb 12, 2017","79.90","79.90","79.90","79.90","0.02K","-0.19%"
"Feb 05, 2017","80.05","80.05","80.05","80.05","0.30K","-3.55%"
"Jan 29, 2017","83.00","83.00","83.00","83.00","0.21K","-0.90%"
"Jan 22, 2017","83.75","83.75","83.75","83.75","0.01K","-0.06%"
"Jan 15, 2017","83.80","83.80","83.80","83.80","0.18K","0.36%"
"Jan 08, 2017","83.50","83.50","83.50","83.50","0.42K","0.00%"
"Jan 01, 2017","83.50","83.50","83.50","83.50","0.15K","-5.54%"
"Dec 25, 2016","88.40","88.40","88.40","88.40","0.01K","2.08%"
"Dec 18, 2016","86.60","86.60","86.60","86.60","0.06K","0.12%"
"Dec 11, 2016","86.50","86.50","86.50","86.50","0.13K","2.55%"
"Dec 04, 2016","84.35","84.35","84.35","84.35","0.08K","-3.49%"
"Nov 27, 2016","87.40","87.40","87.40","87.40","0.51K","-15.76%"
"Nov 20, 2016","103.75","103.75","103.75","103.75","0.30K","-1.28%"
"Nov 13, 2016","105.10","105.10","105.10","105.10","0.05K","-4.32%"
"Nov 06, 2016","109.85","110.00","110.00","110.00","0.20K","1.10%"
"Oct 30, 2016","108.65","115.00","115.00","108.00","0.72K","15.65%"
"Oct 23, 2016","93.95","93.95","93.95","93.95","0.30K","1.24%"
"Oct 16, 2016","92.80","92.80","92.80","92.80","0.03K","3.75%"
"Oct 09, 2016","89.45","89.45","89.45","89.45","0.15K","5.92%"
"Oct 02, 2016","84.45","84.45","84.45","84.45","0.15K","16.97%"
"Sep 25, 2016","72.20","72.20","72.20","72.20","0.05K","0.35%"
"Sep 18, 2016","71.95","71.95","71.95","71.95","0.05K","1.12%"
"Sep 11, 2016","71.15","71.15","71.15","71.15","0.12K","2.08%"
"Sep 04, 2016","69.70","69.70","69.70","69.70","0.12K","0.80%"
"Aug 28, 2016","69.15","69.00","69.00","69.00","0.14K","2.98%"
"Aug 21, 2016","67.15","67.15","67.15","67.15","0.19K","-0.59%"
"Aug 14, 2016","67.55","67.55","67.55","67.55","0.02K","-1.10%"
"Aug 07, 2016","68.30","68.30","68.30","68.30","0.03K","5.08%"
"Jul 31, 2016","65.00","65.00","65.00","65.00","0.17K","6.30%"
"Jul 24, 2016","61.15","61.15","61.15","61.15","0.19K","0.49%"
"Jul 17, 2016","60.85","60.85","60.85","60.85","0.02K","-0.73%"
"Jul 10, 2016","61.30","61.30","61.30","61.30","0.07K","3.46%"
"Jul 03, 2016","59.25","59.25","59.25","59.25","0.06K","1.89%"
"Jun 26, 2016","58.15","58.15","58.15","58.15","0.27K","9.92%"
"Jun 19, 2016","52.90","52.90","52.90","52.90","0.34K","0.67%"
"Jun 12, 2016","52.55","52.55","52.55","52.55","0.01K","-0.85%"
"Jun 05, 2016","53.00","53.00","53.00","53.00","0.39K","-1.85%"
"May 29, 2016","54.00","54.00","54.00","54.00","0.16K","5.16%"
"May 22, 2016","51.35","51.35","51.35","51.35","0.07K","0.79%"
"May 15, 2016","50.95","50.95","50.95","50.95","0.02K","0.79%"
"May 08, 2016","50.55","50.55","50.55","50.55","0.18K","-0.20%"
"May 01, 2016","50.65","50.65","50.65","50.65","0.15K","-0.20%"
"Apr 24, 2016","50.75","50.75","50.75","50.75","0.36K","-0.49%"
"Apr 17, 2016","51.00","51.00","51.00","51.00","0.01K","0.29%"
"Apr 10, 2016","50.85","50.85","50.85","50.85","0.01K","2.01%"
"Apr 03, 2016","49.85","49.85","49.85","49.85","0.09K","-1.29%"
"Mar 27, 2016","50.50","50.50","50.50","50.50","0.09K","-3.44%"
"Mar 20, 2016","52.30","52.30","52.30","52.30","0.01K","0.19%"
"Mar 13, 2016","52.20","52.20","52.20","52.20","0.07K","1.36%"
"Mar 06, 2016","51.50","51.50","51.50","51.50","0.31K","0.98%"
"Feb 28, 2016","51.00","51.00","51.00","51.00","0.45K","1.09%"
"Feb 21, 2016","50.45","50.45","50.45","50.45","0.06K","-0.10%"
"Feb 14, 2016","50.50","50.50","50.50","50.50","0.09K","-0.39%"
"Feb 07, 2016","50.70","50.70","50.70","50.70","0.06K","-1.74%"
"Jan 31, 2016","51.60","51.60","51.60","51.60","1.15K","5.74%"
"Jan 24, 2016","48.80","48.80","48.80","48.80","0.03K","-0.41%"
"Jan 17, 2016","49.00","49.00","49.00","49.00","0.02K","-0.31%"
"Jan 10, 2016","49.15","49.15","49.15","49.15","0.35K","-2.19%"
"Jan 03, 2016","50.25","50.25","50.25","50.25","0.40K","-0.69%"
"Dec 27, 2015","50.60","50.60","50.60","50.60","0.13K","-2.88%"
"Dec 20, 2015","52.10","52.10","52.10","52.10","0.01K","-0.19%"
"Dec 13, 2015","52.20","52.20","52.20","52.20","0.51K","-0.10%"
"Dec 06, 2015","52.25","52.25","52.25","52.25","0.43K","-1.42%"
"Nov 29, 2015","53.00","53.00","53.00","53.00","0.06K","0.28%"
"Nov 22, 2015","52.85","52.85","52.85","52.85","0.20K","-0.09%"
"Nov 15, 2015","52.90","52.90","52.90","52.90","0.11K","0.95%"
"Nov 08, 2015","52.40","52.40","52.40","52.40","0.04K","0.48%"
"Nov 01, 2015","52.15","52.15","52.15","52.15","0.36K","-1.70%"
"Oct 25, 2015","53.05","53.05","53.05","53.05","0.33K","0.47%"
"Oct 18, 2015","52.80","52.80","52.80","52.80","0.03K","-0.56%"
"Oct 11, 2015","53.10","53.10","53.10","53.10","0.01K","-0.93%"
"Oct 04, 2015","53.60","53.60","53.60","53.60","0.05K","1.23%"
"Sep 27, 2015","52.95","52.95","52.95","52.95","0.47K","-7.99%"
"Sep 20, 2015","57.55","57.55","57.55","57.55","0.42K","-0.43%"
"Sep 13, 2015","57.80","57.80","57.80","57.80","0.56K","0.17%"
"Sep 06, 2015","57.70","57.70","57.70","57.70","0.09K","-2.29%"
"Aug 30, 2015","59.05","59.05","59.05","59.05","0.35K","0.94%"
"Aug 23, 2015","58.50","58.50","58.50","58.50","0.01K","-0.51%"
"Aug 16, 2015","58.80","58.80","58.80","58.80","0.27K","-0.93%"
"Aug 09, 2015","59.35","59.35","59.35","59.35","0.03K","-1.17%"
"Aug 02, 2015","60.05","60.05","60.05","60.05","0.29K","-0.41%"
"Jul 26, 2015","60.30","60.30","60.30","60.30","0.23K","-0.17%"
"Jul 19, 2015","60.40","60.40","60.40","60.40","0.09K","0.17%"
"Jul 12, 2015","60.30","60.30","60.30","60.30","0.01K","0.00%"
"Jul 05, 2015","60.30","60.30","60.30","60.30","0.23K","0.25%"
"Jun 28, 2015","60.15","60.15","60.15","60.15","0.18K","-0.08%"
"Jun 21, 2015","60.20","60.20","60.20","60.20","0.02K","0.00%"
"Jun 14, 2015","60.20","60.20","60.20","60.20","0.02K","0.33%"
"Jun 07, 2015","60.00","60.00","60.00","60.00","0.11K","3.27%"
"May 31, 2015","58.10","58.10","58.10","58.10","0.05K","-3.25%"
"May 24, 2015","60.05","60.05","60.05","60.05","0.01K","0.08%"
"May 17, 2015","60.00","60.00","60.00","60.00","0.08K","-2.12%"
"May 10, 2015","61.30","61.30","61.30","61.30","0.23K","-0.89%"
"May 03, 2015","61.85","61.85","61.85","61.85","0.02K","-0.56%"
"Apr 26, 2015","62.20","62.20","62.20","62.20","0.66K","6.23%"
"Apr 19, 2015","58.55","58.55","58.55","58.55","0.04K","1.12%"
"Apr 12, 2015","57.90","57.90","57.90","57.90","0.39K","5.95%"
"Apr 05, 2015","54.65","54.65","54.65","54.65","0.05K","-1.71%"
"Mar 29, 2015","55.60","55.60","55.60","55.60","0.08K","-12.16%"
"Mar 22, 2015","63.30","63.30","63.30","63.30","0.02K","-1.17%"
"Mar 15, 2015","64.05","64.05","64.05","64.05","0.04K","-1.39%"
"Mar 08, 2015","64.95","64.95","64.95","64.95","0.02K","-0.84%"
"Mar 01, 2015","65.50","65.50","65.50","65.50","0.15K","-7.81%"
"Feb 22, 2015","71.05","71.05","71.05","71.05","0.06K","0.35%"
"Feb 15, 2015","70.80","70.80","70.80","70.80","0.06K","1.72%"
"Feb 08, 2015","69.60","69.60","69.60","69.60","0.03K","3.19%"
"Feb 01, 2015","67.45","67.45","67.45","67.45","0.19K","8.01%"
"Jan 25, 2015","62.45","62.45","62.45","62.45","0.10K","0.24%"
"Jan 18, 2015","62.30","62.30","62.30","62.30","0.03K","2.89%"
"Jan 11, 2015","60.55","60.55","60.55","60.55","0.06K","0.25%"
"Jan 04, 2015","60.40","60.40","60.40","60.40","0.14K","-1.47%"
"Dec 28, 2014","61.30","61.30","61.30","61.30","0.02K","-3.08%"
"Dec 21, 2014","63.25","63.25","63.25","63.25","0.01K","0.32%"
"Dec 14, 2014","63.05","63.05","63.05","63.05","0.02K","0.00%"
"Dec 07, 2014","63.05","63.05","63.05","63.05","0.08K","1.12%"
"Nov 30, 2014","62.35","62.35","62.35","62.35","0.20K","-1.73%"
"Nov 23, 2014","63.45","63.45","63.45","63.45","0.15K","0.08%"
"Nov 16, 2014","63.40","63.40","63.40","63.40","0.12K","0.32%"
"Nov 09, 2014","63.20","63.20","63.20","63.20","0.09K","1.77%"
"Nov 02, 2014","62.10","62.10","62.10","62.10","0.14K","-3.42%"
"Oct 26, 2014","64.30","64.30","64.30","64.30","0.14K","-0.08%"
"Oct 19, 2014","64.35","64.35","64.35","64.35","0.03K","0.39%"
"Oct 12, 2014","64.10","64.10","64.10","64.10","0.04K","-0.62%"
"Oct 05, 2014","64.50","64.50","64.50","64.50","0.06K","-0.23%"
"Sep 28, 2014","64.65","64.65","64.65","64.65","0.31K","-2.49%"
"Sep 21, 2014","66.30","66.30","66.30","66.30","0.22K","0.30%"
"Sep 14, 2014","66.10","66.10","66.10","66.10","0.93K","0.30%"
"Sep 07, 2014","65.90","65.90","65.90","65.90","0.24K","-0.30%"
"Aug 31, 2014","66.10","66.10","66.10","66.10","0.15K","-4.55%"
"Aug 24, 2014","69.25","69.25","69.25","69.25","0.05K","0.00%"
"Aug 17, 2014","69.25","69.25","69.25","69.25","0.17K","-1.42%"
"Aug 10, 2014","70.25","70.25","70.25","70.25","0.03K","-0.43%"
"Aug 03, 2014","70.55","70.55","70.55","70.55","0.07K","2.32%"
"Jul 27, 2014","68.95","68.95","68.95","68.95","0.36K","-0.51%"
"Jul 20, 2014","69.30","69.30","69.30","69.30","0.01K","0.29%"
"Jul 13, 2014","69.10","69.10","69.10","69.10","0.47K","-0.79%"
"Jul 06, 2014","69.65","69.65","69.65","69.65","0.19K","-0.29%"
"Jun 29, 2014","69.85","69.85","69.85","69.85","0.29K","-2.85%"
"Jun 22, 2014","71.90","71.90","71.90","71.90","0.14K","-0.14%"
"Jun 15, 2014","72.00","72.00","72.00","72.00","0.09K","-0.21%"
"Jun 08, 2014","72.15","72.15","72.15","72.15","0.08K","-0.14%"
"Jun 01, 2014","72.25","72.25","72.25","72.25","0.13K","-2.23%"
"May 25, 2014","73.90","73.90","73.90","73.90","0.13K","-0.47%"
"May 18, 2014","74.25","74.25","74.25","74.25","0.05K","0.00%"
"May 11, 2014","74.25","74.25","74.25","74.25","0.03K","1.02%"
"May 04, 2014","73.50","73.50","73.50","73.50","0.10K","0.14%"
"Apr 27, 2014","73.40","73.40","73.40","73.40","0.15K","0.00%"
"Apr 20, 2014","73.40","73.40","73.40","73.40","0.03K","-1.14%"
"Apr 13, 2014","74.25","74.25","74.25","74.25","0.01K","-0.34%"
"Apr 06, 2014","74.50","74.50","74.50","74.50","0.06K","1.29%"
"Mar 30, 2014","73.55","73.55","73.55","73.55","0.37K","-1.08%"
"Mar 23, 2014","74.35","74.35","74.35","74.35","0.09K","-0.20%"
"Mar 16, 2014","74.50","74.50","74.50","74.50","0.05K","0.00%"
"Mar 09, 2014","74.50","74.50","74.50","74.50","0.03K","0.07%"
"Mar 02, 2014","74.45","74.45","74.45","74.45","0.14K","-4.00%"
"Feb 23, 2014","77.55","77.55","77.55","77.55","0.13K","-0.06%"
"Feb 16, 2014","77.60","77.60","77.60","77.60","0.05K","0.32%"
"Feb 09, 2014","77.35","77.35","77.35","77.35","0.01K","-0.71%"
"Feb 02, 2014","77.90","77.90","77.90","77.90","0.10K","-5.40%"
"Jan 26, 2014","82.35","82.35","82.35","82.35","-","-0.30%"
"Jan 19, 2014","82.60","82.60","82.60","82.60","-","-1.14%"
"Jan 12, 2014","83.55","83.55","83.55","83.55","0.03K","-0.30%"
"Jan 05, 2014","83.80","83.80","83.80","83.80","0.02K","-3.12%"
"Dec 29, 2013","86.50","86.50","86.50","86.50","-","0.64%"
"Dec 22, 2013","85.95","85.95","85.95","85.95","-","0.12%"
"Dec 15, 2013","85.85","85.85","85.85","85.85","0.01K","0.53%"
"Dec 08, 2013","85.40","85.40","85.40","85.40","0.09K","0.12%"
"Dec 01, 2013","85.30","85.30","85.30","85.30","0.07K","0.89%"
"Nov 24, 2013","84.55","84.55","84.55","84.55","0.09K","0.18%"
"Nov 17, 2013","84.40","84.40","84.40","84.40","0.02K","-0.35%"
"Nov 10, 2013","84.70","84.70","84.70","84.70","0.14K","0.18%"
"Nov 03, 2013","84.55","84.55","84.55","84.55","0.03K","0.18%"
"Oct 27, 2013","84.40","84.40","84.40","84.40","0.14K","3.62%"
"Oct 20, 2013","81.45","81.45","81.45","81.45","0.08K","0.18%"
"Oct 13, 2013","81.30","81.30","81.30","81.30","0.01K","1.06%"
"Oct 06, 2013","80.45","80.45","80.45","80.45","0.09K","0.56%"
"Sep 29, 2013","80.00","80.00","80.00","80.00","0.17K","2.04%"
"Sep 22, 2013","78.40","78.40","78.40","78.40","0.12K","0.00%"
"Sep 15, 2013","78.40","78.40","78.40","78.40","0.06K","0.77%"
"Sep 08, 2013","77.80","77.80","77.80","77.80","0.02K","0.91%"
"Sep 01, 2013","77.10","77.10","77.10","77.10","0.06K","-1.85%"
"Aug 25, 2013","78.55","78.55","78.55","78.55","0.05K","0.32%"
"Aug 18, 2013","78.30","78.30","78.30","78.30","0.01K","-0.51%"
"Aug 11, 2013","78.70","78.70","78.70","78.70","0.02K","1.29%"
"Aug 04, 2013","77.70","77.70","77.70","77.70","0.05K","0.91%"
"Jul 28, 2013","77.00","77.00","77.00","77.00","0.11K","-0.32%"
"Jul 21, 2013","77.25","77.25","77.25","77.25","0.06K","-0.06%"
"Jul 14, 2013","77.30","77.30","77.30","77.30","0.04K","0.91%"
"Jul 07, 2013","76.60","76.60","76.60","76.60","0.03K","-0.45%"
"Jun 30, 2013","76.95","76.95","76.95","76.95","0.11K","-7.29%"
"Jun 23, 2013","83.00","83.00","83.00","83.00","0.13K","-0.18%"
"Jun 16, 2013","83.15","83.15","83.15","83.15","0.02K","-0.72%"
"Jun 09, 2013","83.75","83.75","83.75","83.75","0.01K","-2.05%"
"Jun 02, 2013","85.50","85.50","85.50","85.50","0.26K","-2.51%"
"May 26, 2013","87.70","87.70","87.70","87.70","0.04K","-0.06%"
"May 19, 2013","87.75","87.75","87.75","87.75","0.01K","0.06%"
"May 12, 2013","87.70","87.70","87.70","87.70","-","0.40%"
"May 05, 2013","87.35","87.35","87.35","87.35","0.10K","-0.17%"
"Apr 28, 2013","87.50","87.50","87.50","87.50","0.18K","0.63%"
"Apr 21, 2013","86.95","86.95","86.95","86.95","0.04K","-0.51%"
"Apr 14, 2013","87.40","87.40","87.40","87.40","0.01K","-2.24%"
"Apr 07, 2013","89.40","89.40","89.40","89.40","0.03K","1.13%"
"Mar 31, 2013","88.40","88.40","88.40","88.40","0.16K","-2.48%"
"Mar 24, 2013","90.65","90.65","90.65","90.65","0.01K","-1.25%"
"Mar 17, 2013","91.80","91.80","91.80","91.80","0.04K","-0.81%"
"Mar 10, 2013","92.55","92.55","92.55","92.55","0.08K","0.54%"
"Mar 03, 2013","92.05","92.05","92.05","92.05","0.24K","-2.13%"
"Feb 24, 2013","94.05","94.05","94.05","94.05","0.38K","-0.48%"
"Feb 17, 2013","94.50","94.50","94.50","94.50","0.01K","-0.37%"
"Feb 10, 2013","94.85","94.85","94.85","94.85","0.02K","-1.20%"
"Feb 03, 2013","96.00","96.00","96.00","96.00","0.20K","0.63%"
"Jan 27, 2013","95.40","95.40","95.40","95.40","0.08K","2.31%"
"Jan 20, 2013","93.25","93.25","93.25","93.25","-","0.00%"
"Jan 13, 2013","93.25","93.25","93.25","93.25","0.02K","-0.43%"
"Jan 06, 2013","93.65","93.65","93.65","93.65","0.09K","-1.42%"
"Dec 30, 2012","95.00","95.00","95.00","95.00","0.03K","1.55%"
"Dec 23, 2012","93.55","93.55","93.55","93.55","-","0.11%"
"Dec 16, 2012","93.45","93.45","93.45","93.45","0.02K","-0.32%"
"Dec 09, 2012","93.75","93.75","93.75","93.75","0.13K","0.59%"
"Dec 02, 2012","93.20","93.20","93.20","93.20","0.03K","8.50%"
"Nov 25, 2012","85.90","85.90","85.90","85.90","0.15K","0.53%"
"Nov 18, 2012","85.45","85.45","85.45","85.45","0.09K","-0.12%"
"Nov 11, 2012","85.55","85.55","85.55","85.55","0.02K","1.00%"
"Nov 04, 2012","84.70","84.70","84.70","84.70","0.04K","2.17%"
"Oct 28, 2012","82.90","82.90","82.90","82.90","0.43K","-0.42%"
"Oct 21, 2012","83.25","83.25","83.25","83.25","0.05K","-0.30%"
"Oct 14, 2012","83.50","83.50","83.50","83.50","0.01K","0.24%"
"Oct 07, 2012","83.30","83.30","83.30","83.30","0.05K","-3.42%"
"Sep 30, 2012","86.25","86.25","86.25","86.25","0.09K","-3.63%"
"Sep 23, 2012","89.50","89.50","89.50","89.50","0.20K","-1.05%"
"Sep 16, 2012","90.45","90.45","90.45","90.45","0.15K","0.50%"
"Sep 09, 2012","90.00","90.00","90.00","90.00","0.06K","-1.32%"
"Sep 02, 2012","91.20","91.20","91.20","91.20","0.13K","-0.60%"
"Aug 26, 2012","91.75","91.75","91.75","91.75","0.03K","0.44%"
"Aug 19, 2012","91.35","91.35","91.35","91.35","0.07K","-0.22%"
"Aug 12, 2012","91.55","91.55","91.55","91.55","0.06K","-0.65%"
"Aug 05, 2012","92.15","92.15","92.15","92.15","0.01K","2.67%"
"Jul 29, 2012","89.75","89.75","89.75","89.75","0.10K","1.53%"
"Jul 22, 2012","88.40","88.40","88.40","88.40","0.01K","0.34%"
"Jul 15, 2012","88.10","88.10","88.10","88.10","0.03K","0.63%"
"Jul 08, 2012","87.55","87.55","87.55","87.55","0.04K","-1.52%"
"Jul 01, 2012","88.90","88.90","88.90","88.90","0.02K","0.57%"
"Jun 24, 2012","88.40","88.40","88.40","88.40","-","0.28%"
"Jun 17, 2012","88.15","88.15","88.15","88.15","0.02K","0.34%"
"Jun 10, 2012","87.85","87.85","87.85","87.85","0.08K","-0.73%"
"Jun 03, 2012","88.50","88.50","88.50","88.50","0.02K","-3.01%"
"May 27, 2012","91.25","91.25","91.25","91.25","0.04K","-7.36%"
"May 20, 2012","98.50","98.50","98.50","98.50","0.02K","-0.15%"
"May 13, 2012","98.65","98.65","98.65","98.65","0.03K","-1.00%"
"May 06, 2012","99.65","99.65","99.65","99.65","0.01K","0.00%"
"Apr 29, 2012","99.65","99.65","99.65","99.65","0.10K","-3.21%"
"Apr 22, 2012","102.95","102.95","102.95","102.95","0.04K","-0.24%"
"Apr 15, 2012","103.20","103.20","103.20","103.20","0.06K","-1.76%"
"Apr 08, 2012","105.05","105.05","105.05","105.05","0.03K","-1.59%"
"Apr 01, 2012","106.75","106.75","106.75","106.75","0.10K","-0.23%"
"Mar 25, 2012","107.00","107.00","107.00","107.00","-","-0.14%"
"Mar 18, 2012","107.15","107.15","107.15","107.15","0.02K","0.00%"
"Mar 11, 2012","107.15","107.15","107.15","107.15","0.03K","-0.46%"
"Mar 04, 2012","107.65","107.65","107.65","107.65","0.11K","-2.80%"
"Feb 26, 2012","110.75","110.75","110.75","110.75","0.02K","-6.14%"
"Feb 19, 2012","118.00","118.00","118.00","118.00","-","-0.13%"
"Feb 12, 2012","118.15","118.15","118.15","118.15","0.03K","0.34%"
"Feb 05, 2012","117.75","117.75","117.75","117.75","0.11K","-0.42%"
"Jan 29, 2012","118.25","118.25","118.25","118.25","0.07K","0.13%"
"Jan 22, 2012","118.10","118.10","118.10","118.10","0.01K","1.37%"
"Jan 15, 2012","116.50","116.50","116.50","116.50","0.01K","2.51%"
"Jan 08, 2012","113.65","113.65","113.65","113.65","0.02K","0.13%"
"Jan 01, 2012","113.50","113.50","113.50","113.50","0.05K","1.11%"